date,retail_and_recreation,grocery_and_pharmacy,parks,transit_stations,workplaces,residential
2020-02-15,2.0,3.0,16.0,5.0,6,0
2020-02-16,-10.0,-10.0,-15.0,-3.0,2,2
2020-02-17,-2.0,-1.0,-6.0,2.0,4,1
2020-02-18,-1.0,1.0,-3.0,3.0,3,1
2020-02-19,-1.0,-3.0,-2.0,3.0,3,1
2020-02-20,-2.0,-1.0,-2.0,5.0,2,1
2020-02-21,6.0,4.0,18.0,5.0,6,0
2020-02-22,2.0,3.0,11.0,5.0,6,0
2020-02-23,-7.0,-4.0,-11.0,-1.0,1,2
2020-02-24,-2.0,-1.0,-3.0,0.0,3,1
2020-02-25,-17.0,-7.0,-17.0,-12.0,-24,10
2020-02-26,2.0,5.0,3.0,4.0,3,-1
2020-02-27,2.0,5.0,1.0,4.0,4,0
2020-02-28,9.0,12.0,7.0,8.0,6,0
2020-02-29,5.0,12.0,-1.0,9.0,8,-1
2020-03-01,4.0,10.0,-11.0,6.0,6,0
2020-03-02,6.0,24.0,5.0,5.0,6,-1
2020-03-03,3.0,17.0,-1.0,3.0,5,0
2020-03-04,-2.0,4.0,-8.0,1.0,4,1
2020-03-05,3.0,8.0,1.0,4.0,5,0
2020-03-06,10.0,11.0,19.0,5.0,8,0
2020-03-07,4.0,12.0,15.0,6.0,7,-1
2020-03-08,0.0,6.0,1.0,3.0,6,0
2020-03-09,3.0,6.0,7.0,3.0,5,1
2020-03-10,1.0,6.0,2.0,3.0,4,1
2020-03-11,1.0,3.0,3.0,2.0,4,1
2020-03-12,-3.0,-2.0,-7.0,1.0,3,2
2020-03-13,8.0,9.0,16.0,2.0,5,1
2020-03-14,-12.0,2.0,-17.0,-8.0,5,2
2020-03-15,-20.0,3.0,-37.0,-19.0,5,4
2020-03-16,-18.0,-5.0,-23.0,-18.0,-10,7
2020-03-17,-16.0,3.0,-23.0,-27.0,-15,8
2020-03-18,-22.0,-3.0,-28.0,-32.0,-19,11
2020-03-19,-28.0,-12.0,-33.0,-38.0,-21,12
2020-03-20,-30.0,-11.0,-32.0,-42.0,-23,15
2020-03-21,-35.0,-5.0,-38.0,-40.0,-10,11
2020-03-22,-49.0,-22.0,-59.0,-49.0,-12,14
2020-03-23,-40.0,-19.0,-43.0,-53.0,-34,18
2020-03-24,-43.0,-18.0,-46.0,-56.0,-40,19
2020-03-25,-54.0,-29.0,-55.0,-69.0,-69,28
2020-03-26,-47.0,-24.0,-46.0,-60.0,-43,20
2020-03-27,-46.0,-17.0,-43.0,-61.0,-44,22
2020-03-28,-54.0,-21.0,-51.0,-58.0,-31,17
2020-03-29,-59.0,-28.0,-63.0,-60.0,-26,17
2020-03-30,-51.0,-26.0,-50.0,-63.0,-45,22
2020-03-31,-50.0,-21.0,-52.0,-62.0,-47,22
2020-04-01,-47.0,-16.0,-49.0,-62.0,-47,21
2020-04-02,-48.0,-19.0,-46.0,-63.0,-47,22
2020-04-03,-47.0,-19.0,-44.0,-63.0,-46,23
2020-04-04,-53.0,-21.0,-52.0,-60.0,-34,18
2020-04-05,-57.0,-27.0,-64.0,-62.0,-28,17
2020-04-06,-50.0,-30.0,-52.0,-63.0,-44,22
2020-04-07,-47.0,-18.0,-48.0,-62.0,-46,21
2020-04-08,-48.0,-23.0,-51.0,-63.0,-46,22
2020-04-09,-47.0,-17.0,-48.0,-61.0,-45,20
2020-04-10,-68.0,-46.0,-61.0,-79.0,-73,34
2020-04-11,-63.0,-34.0,-61.0,-69.0,-43,22
2020-04-12,-67.0,-39.0,-71.0,-70.0,-33,20
2020-04-13,-55.0,-31.0,-53.0,-69.0,-50,25
2020-04-14,-55.0,-28.0,-53.0,-68.0,-51,24
2020-04-15,-56.0,-30.0,-55.0,-68.0,-51,25
2020-04-16,-55.0,-29.0,-51.0,-69.0,-51,24
2020-04-17,-55.0,-28.0,-47.0,-70.0,-50,26
2020-04-18,-62.0,-34.0,-59.0,-66.0,-37,20
2020-04-19,-64.0,-36.0,-67.0,-67.0,-29,18
2020-04-20,-56.0,-32.0,-53.0,-69.0,-49,24
2020-04-21,-58.0,-33.0,-56.0,-69.0,-51,24
2020-04-22,-56.0,-31.0,-54.0,-67.0,-50,23
2020-04-23,-54.0,-24.0,-52.0,-65.0,-50,22
2020-04-24,-64.0,-37.0,-59.0,-73.0,-55,29
2020-04-25,-65.0,-35.0,-63.0,-69.0,-41,22
2020-04-26,-68.0,-43.0,-73.0,-72.0,-33,21
2020-04-27,-60.0,-38.0,-58.0,-71.0,-50,26
2020-04-28,-60.0,-34.0,-58.0,-70.0,-51,25
2020-04-29,-59.0,-35.0,-58.0,-70.0,-50,24
2020-04-30,-57.0,-28.0,-54.0,-68.0,-49,24
2020-05-01,-61.0,-28.0,-54.0,-76.0,-70,32
2020-05-02,-62.0,-29.0,-59.0,-67.0,-39,21
2020-05-03,-64.0,-34.0,-68.0,-68.0,-29,19
2020-05-04,-56.0,-31.0,-54.0,-68.0,-48,24
2020-05-05,-57.0,-29.0,-54.0,-68.0,-50,24
2020-05-06,-57.0,-31.0,-56.0,-68.0,-49,24
2020-05-07,-61.0,-29.0,-94.0,-73.0,-70,30
2020-05-08,-56.0,-24.0,-94.0,-65.0,-48,26
2020-05-09,-60.0,-25.0,-95.0,-62.0,-36,20
2020-05-10,-63.0,-31.0,-96.0,-64.0,-28,19
2020-05-11,-52.0,-21.0,-94.0,-63.0,-46,24
2020-05-12,-55.0,-24.0,-94.0,-64.0,-49,24
2020-05-13,-54.0,-22.0,-94.0,-63.0,-48,24
2020-05-14,-53.0,-20.0,-92.0,-64.0,-48,23
2020-05-15,-50.0,-14.0,-91.0,-65.0,-46,23
2020-05-16,-54.0,-14.0,-93.0,-60.0,-33,18
2020-05-17,-56.0,-18.0,-94.0,-62.0,-24,17
2020-05-18,-51.0,-22.0,-92.0,-64.0,-46,23
2020-05-19,-47.0,-8.0,-92.0,-61.0,-47,22
2020-05-20,-48.0,-14.0,-91.0,-61.0,-47,22
2020-05-21,-46.0,-1.0,-90.0,-65.0,-69,26
2020-05-22,-46.0,-4.0,-90.0,-63.0,-60,27
2020-05-23,-54.0,-6.0,-92.0,-57.0,-48,19
2020-05-24,-65.0,-34.0,-93.0,-61.0,-37,13
2020-05-25,-59.0,-28.0,-91.0,-73.0,-78,26
2020-05-26,-54.0,-21.0,-91.0,-66.0,-58,23
2020-05-27,-52.0,-21.0,-91.0,-65.0,-52,23
2020-05-28,-50.0,-17.0,-91.0,-64.0,-49,22
2020-05-29,-49.0,-16.0,-90.0,-64.0,-47,24
2020-05-30,-54.0,-18.0,-91.0,-60.0,-33,17
2020-05-31,-56.0,-23.0,-93.0,-60.0,-22,15
2020-06-01,-51.0,-18.0,-90.0,-69.0,-68,27
2020-06-02,-46.0,-14.0,-91.0,-58.0,-41,19
2020-06-03,-47.0,-16.0,-91.0,-59.0,-42,20
2020-06-04,-46.0,-14.0,-90.0,-59.0,-41,20
2020-06-05,-44.0,-13.0,-88.0,-58.0,-38,21
2020-06-06,-48.0,-13.0,-90.0,-55.0,-27,15
2020-06-07,-52.0,-18.0,-91.0,-56.0,-20,14
2020-06-08,-41.0,-14.0,-88.0,-53.0,-35,18
2020-06-09,-44.0,-16.0,-89.0,-54.0,-37,18
2020-06-10,-42.0,-15.0,-89.0,-53.0,-36,18
2020-06-11,-41.0,-16.0,-87.0,-54.0,-37,18
2020-06-12,-38.0,-13.0,-85.0,-54.0,-35,19
2020-06-13,-44.0,-14.0,-86.0,-51.0,-23,14
2020-06-14,-47.0,-18.0,-87.0,-51.0,-17,13
2020-06-15,-33.0,-12.0,-85.0,-49.0,-33,16
2020-06-16,-35.0,-13.0,-86.0,-49.0,-35,16
2020-06-17,-35.0,-13.0,-86.0,-49.0,-34,16
2020-06-18,-34.0,-14.0,-85.0,-50.0,-35,16
2020-06-19,-33.0,-13.0,-83.0,-49.0,-33,17
2020-06-20,-37.0,-12.0,-83.0,-45.0,-21,11
2020-06-21,-40.0,-16.0,-85.0,-45.0,-16,12
2020-06-22,-31.0,-13.0,-84.0,-48.0,-34,16
2020-06-23,-33.0,-13.0,-85.0,-48.0,-35,16
2020-06-24,-33.0,-15.0,-85.0,-47.0,-34,16
2020-06-25,-31.0,-9.0,-84.0,-47.0,-34,15
2020-06-26,-28.0,-6.0,-83.0,-46.0,-32,16
2020-06-27,-32.0,-6.0,-82.0,-40.0,-21,10
2020-06-28,-38.0,-12.0,-83.0,-43.0,-15,10
2020-06-29,-28.0,-7.0,-83.0,-45.0,-32,14
2020-06-30,-27.0,-3.0,-77.0,-45.0,-33,14
2020-07-01,-27.0,-4.0,-77.0,-44.0,-33,14
2020-07-02,-30.0,-8.0,-77.0,-45.0,-34,15
2020-07-03,-24.0,-3.0,-72.0,-43.0,-32,15
2020-07-04,-29.0,-4.0,-73.0,-38.0,-21,10
2020-07-05,-33.0,-9.0,-75.0,-39.0,-17,9
2020-07-06,-25.0,-6.0,-75.0,-43.0,-32,14
2020-07-07,-26.0,-6.0,-76.0,-42.0,-33,14
2020-07-08,-27.0,-9.0,-76.0,-43.0,-32,14
2020-07-09,-27.0,-8.0,-75.0,-43.0,-32,14
2020-07-10,-24.0,-6.0,-71.0,-43.0,-30,15
2020-07-11,-29.0,-6.0,-72.0,-38.0,-19,10
2020-07-12,-33.0,-10.0,-75.0,-39.0,-15,9
2020-07-13,-26.0,-8.0,-74.0,-44.0,-31,14
2020-07-14,-29.0,-11.0,-76.0,-44.0,-33,15
2020-07-15,-28.0,-12.0,-75.0,-44.0,-32,15
2020-07-16,-28.0,-10.0,-73.0,-43.0,-31,15
2020-07-17,-25.0,-8.0,-69.0,-43.0,-30,15
2020-07-18,-29.0,-7.0,-69.0,-38.0,-19,10
2020-07-19,-33.0,-11.0,-72.0,-39.0,-14,10
2020-07-20,-27.0,-9.0,-72.0,-43.0,-31,15
2020-07-21,-30.0,-12.0,-73.0,-43.0,-33,15
2020-07-22,-29.0,-13.0,-73.0,-44.0,-31,15
2020-07-23,-29.0,-12.0,-72.0,-45.0,-31,15
2020-07-24,-24.0,-6.0,-67.0,-42.0,-29,15
2020-07-25,-26.0,-3.0,-68.0,-35.0,-19,10
2020-07-26,-32.0,-9.0,-72.0,-37.0,-14,9
2020-07-27,-26.0,-8.0,-71.0,-42.0,-31,14
2020-07-28,-27.0,-6.0,-73.0,-41.0,-32,14
2020-07-29,-26.0,-6.0,-73.0,-39.0,-33,14
2020-07-30,-23.0,4.0,-64.0,-35.0,-34,11
2020-07-31,-41.0,-21.0,-64.0,-60.0,-71,23
2020-08-01,-37.0,-14.0,-69.0,-45.0,-31,10
2020-08-02,-37.0,-14.0,-71.0,-40.0,-19,7
2020-08-03,-27.0,-7.0,-69.0,-42.0,-33,13
2020-08-04,-28.0,-8.0,-70.0,-42.0,-34,14
2020-08-05,-27.0,-9.0,-68.0,-42.0,-33,14
2020-08-06,-27.0,-8.0,-66.0,-42.0,-33,14
2020-08-07,-23.0,-6.0,-61.0,-41.0,-31,14
2020-08-08,-27.0,-6.0,-62.0,-33.0,-20,9
2020-08-09,-32.0,-11.0,-66.0,-35.0,-15,8
2020-08-10,-25.0,-7.0,-65.0,-41.0,-32,14
2020-08-11,-28.0,-10.0,-68.0,-41.0,-33,14
2020-08-12,-26.0,-10.0,-63.0,-41.0,-32,14
2020-08-13,-32.0,-16.0,-65.0,-43.0,-33,15
2020-08-14,-23.0,-5.0,-56.0,-38.0,-31,14
2020-08-15,-28.0,-6.0,-58.0,-32.0,-20,8
2020-08-16,-33.0,-14.0,-62.0,-36.0,-15,8
2020-08-17,-32.0,-19.0,-49.0,-57.0,-70,21
2020-08-18,-31.0,-14.0,-64.0,-42.0,-32,13
2020-08-19,-26.0,-8.0,-63.0,-39.0,-32,12
2020-08-20,-32.0,-16.0,-55.0,-55.0,-65,20
2020-08-21,-29.0,-14.0,-56.0,-52.0,-47,18
2020-08-22,-32.0,-15.0,-57.0,-40.0,-20,9
2020-08-23,-35.0,-18.0,-63.0,-38.0,-13,9
2020-08-24,-27.0,-12.0,-61.0,-41.0,-30,14
2020-08-25,-26.0,-7.0,-62.0,-40.0,-31,14
2020-08-26,-26.0,-9.0,-62.0,-41.0,-30,14
2020-08-27,-25.0,-8.0,-60.0,-41.0,-30,13
2020-08-28,-21.0,-3.0,-56.0,-40.0,-29,14
2020-08-29,-25.0,-2.0,-56.0,-33.0,-17,8
2020-08-30,-28.0,-7.0,-60.0,-33.0,-12,8
2020-08-31,-23.0,-3.0,-61.0,-40.0,-30,13
2020-09-01,-24.0,-2.0,-61.0,-39.0,-31,13
2020-09-02,-25.0,-6.0,-62.0,-40.0,-31,13
2020-09-03,-25.0,-6.0,-58.0,-42.0,-31,13
2020-09-04,-22.0,-5.0,-51.0,-41.0,-30,14
2020-09-05,-25.0,-4.0,-53.0,-34.0,-19,8
2020-09-06,-30.0,-10.0,-58.0,-34.0,-15,8
2020-09-07,-25.0,-8.0,-58.0,-41.0,-32,14
2020-09-08,-26.0,-9.0,-59.0,-40.0,-33,14
2020-09-09,-26.0,-10.0,-60.0,-41.0,-32,13
2020-09-10,-26.0,-10.0,-59.0,-42.0,-32,13
2020-09-11,-22.0,-8.0,-52.0,-41.0,-30,14
2020-09-12,-27.0,-8.0,-53.0,-35.0,-18,9
2020-09-13,-32.0,-14.0,-61.0,-36.0,-13,9
2020-09-14,-41.0,-24.0,-67.0,-54.0,-37,19
2020-09-15,-42.0,-25.0,-69.0,-54.0,-38,19
2020-09-16,-38.0,-17.0,-65.0,-52.0,-37,18
2020-09-17,-39.0,-18.0,-63.0,-53.0,-37,18
2020-09-18,-38.0,-17.0,-59.0,-52.0,-36,19
2020-09-19,-41.0,-16.0,-65.0,-47.0,-21,13
2020-09-20,-53.0,-30.0,-76.0,-55.0,-21,15
2020-09-21,-40.0,-22.0,-66.0,-52.0,-37,18
2020-09-22,-43.0,-21.0,-68.0,-53.0,-39,19
2020-09-23,-43.0,-19.0,-65.0,-51.0,-37,19
2020-09-24,-44.0,-19.0,-64.0,-52.0,-37,18
2020-09-25,-40.0,-11.0,-59.0,-50.0,-36,19
2020-09-26,-43.0,-11.0,-65.0,-44.0,-21,13
2020-09-27,-49.0,-19.0,-71.0,-47.0,-18,13
2020-09-28,-40.0,-13.0,-64.0,-50.0,-36,18
2020-09-29,-42.0,-14.0,-63.0,-49.0,-37,18
2020-09-30,-39.0,-8.0,-61.0,-47.0,-36,16
2020-10-01,-40.0,-6.0,-58.0,-47.0,-36,15
2020-10-02,-38.0,-7.0,-53.0,-46.0,-35,16
2020-10-03,-41.0,-7.0,-60.0,-40.0,-23,11
2020-10-04,-45.0,-14.0,-66.0,-41.0,-19,10
2020-10-05,-38.0,-8.0,-58.0,-46.0,-36,14
2020-10-06,-40.0,-13.0,-61.0,-47.0,-37,15
2020-10-07,-40.0,-14.0,-61.0,-48.0,-36,15
2020-10-08,-41.0,-16.0,-40.0,-41.0,-37,17
2020-10-09,-40.0,-15.0,-57.0,-50.0,-36,19
2020-10-10,-44.0,-17.0,-63.0,-43.0,-21,12
2020-10-11,-45.0,-16.0,-66.0,-43.0,-15,11
2020-10-12,-36.0,-14.0,-56.0,-46.0,-33,16
2020-10-13,-41.0,-18.0,-55.0,-48.0,-37,18
2020-10-14,-36.0,-16.0,-58.0,-46.0,-33,16
2020-10-15,-35.0,-13.0,-56.0,-44.0,-33,16
2020-10-16,-38.0,-19.0,-55.0,-45.0,-33,18
2020-10-17,-34.0,-7.0,-54.0,-35.0,-18,10
2020-10-18,-38.0,-15.0,-58.0,-35.0,-15,10
2020-10-19,-36.0,-16.0,-60.0,-42.0,-33,16
2020-10-20,-37.0,-17.0,-54.0,-42.0,-34,16
2020-10-21,-38.0,-21.0,-61.0,-44.0,-33,16
2020-10-22,-33.0,-10.0,-49.0,-41.0,-33,14
2020-10-23,-29.0,-6.0,-46.0,-40.0,-31,14
2020-10-24,-32.0,-6.0,-49.0,-31.0,-17,9
2020-10-25,-36.0,-12.0,-55.0,-33.0,-14,8
2020-10-26,-36.0,-16.0,-58.0,-41.0,-32,14
2020-10-27,-32.0,-8.0,-57.0,-36.0,-33,13
2020-10-28,-28.0,-4.0,-45.0,-40.0,-45,13
2020-10-29,-32.0,-13.0,-38.0,-50.0,-65,17
2020-10-30,-33.0,-13.0,-44.0,-50.0,-49,17
2020-10-31,-40.0,-20.0,-54.0,-39.0,-23,9
2020-11-01,-38.0,-15.0,-55.0,-31.0,-16,6
2020-11-02,-30.0,-7.0,-52.0,-37.0,-31,12
2020-11-03,-31.0,-9.0,-56.0,-39.0,-32,13
2020-11-04,-31.0,-12.0,-56.0,-40.0,-32,13
2020-11-05,-33.0,-14.0,-57.0,-42.0,-33,14
2020-11-06,-28.0,-9.0,-49.0,-40.0,-31,14
2020-11-07,-29.0,-8.0,-47.0,-31.0,-18,8
2020-11-08,-33.0,-13.0,-51.0,-32.0,-14,7
2020-11-09,-30.0,-11.0,-54.0,-40.0,-31,13
2020-11-10,-32.0,-12.0,-53.0,-39.0,-33,13
2020-11-11,-29.0,-11.0,-53.0,-40.0,-31,13
2020-11-12,-30.0,-12.0,-52.0,-40.0,-32,13
2020-11-13,-26.0,-9.0,-44.0,-38.0,-30,13
2020-11-14,-28.0,-8.0,-45.0,-30.0,-17,7
2020-11-15,-31.0,-12.0,-46.0,-30.0,-13,7
2020-11-16,-31.0,-12.0,-53.0,-40.0,-31,13
2020-11-17,-32.0,-13.0,-54.0,-40.0,-32,13
2020-11-18,-32.0,-14.0,-54.0,-41.0,-31,13
2020-11-19,-30.0,-12.0,-51.0,-41.0,-31,13
2020-11-20,-27.0,-9.0,-44.0,-40.0,-30,14
2020-11-21,-29.0,-9.0,-48.0,-32.0,-17,8
2020-11-22,-33.0,-14.0,-51.0,-32.0,-14,8
2020-11-23,-32.0,-15.0,-55.0,-42.0,-31,13
2020-11-24,-35.0,-18.0,-57.0,-41.0,-32,14
2020-11-25,-28.0,-9.0,-52.0,-39.0,-31,12
2020-11-26,-25.0,-5.0,-46.0,-37.0,-31,11
2020-11-27,-25.0,-8.0,-43.0,-38.0,-30,13
2020-11-28,-23.0,1.0,-41.0,-27.0,-17,6
2020-11-29,-29.0,-9.0,-49.0,-29.0,-13,6
2020-11-30,-24.0,0.0,-48.0,-37.0,-30,11
2020-12-01,-24.0,1.0,-47.0,-36.0,-31,11
2020-12-02,-24.0,-3.0,-47.0,-38.0,-30,12
2020-12-03,-26.0,-6.0,-48.0,-40.0,-32,12
2020-12-04,-23.0,-2.0,-43.0,-37.0,-30,12
2020-12-05,-25.0,-2.0,-44.0,-27.0,-18,6
2020-12-06,-33.0,-13.0,-59.0,-33.0,-16,8
2020-12-07,-28.0,-9.0,-54.0,-40.0,-33,12
2020-12-08,-26.0,-6.0,-51.0,-37.0,-31,11
2020-12-09,-26.0,-9.0,-44.0,-49.0,-59,19
2020-12-10,-27.0,-7.0,-49.0,-36.0,-29,12
2020-12-11,-24.0,-4.0,-43.0,-37.0,-29,13
2020-12-12,-26.0,-3.0,-46.0,-28.0,-15,8
2020-12-13,-30.0,-9.0,-50.0,-27.0,-10,8
2020-12-14,-27.0,-7.0,-50.0,-37.0,-30,13
2020-12-15,-27.0,-6.0,-49.0,-36.0,-31,13
2020-12-16,-26.0,-6.0,-48.0,-36.0,-30,12
2020-12-17,-26.0,-6.0,-46.0,-35.0,-30,12
2020-12-18,-23.0,-3.0,-37.0,-34.0,-29,13
2020-12-19,-27.0,-4.0,-45.0,-27.0,-14,8
2020-12-20,-31.0,-11.0,-54.0,-27.0,-11,8
2020-12-21,-25.0,-5.0,-46.0,-35.0,-31,12
2020-12-22,-25.0,-5.0,-46.0,-35.0,-32,12
2020-12-23,-23.0,-2.0,-46.0,-33.0,-32,11
2020-12-24,-27.0,-7.0,-43.0,-42.0,-51,15
2020-12-25,-34.0,-17.0,-42.0,-53.0,-66,22
2020-12-26,-36.0,-15.0,-49.0,-38.0,-26,10
2020-12-27,-36.0,-17.0,-53.0,-33.0,-11,8
2020-12-28,-28.0,-6.0,-48.0,-40.0,-36,13
2020-12-29,-29.0,-8.0,-49.0,-40.0,-38,14
2020-12-30,-28.0,-4.0,-50.0,-38.0,-38,13
2020-12-31,-32.0,-2.0,-47.0,-44.0,-55,15
2021-01-01,-46.0,-27.0,-51.0,-61.0,-73,22
2021-01-02,-39.0,-15.0,-50.0,-41.0,-33,11
2021-01-03,-40.0,-19.0,-58.0,-34.0,-15,9
2021-01-04,-29.0,-5.0,-50.0,-39.0,-32,13
2021-01-05,-32.0,-9.0,-53.0,-39.0,-33,14
2021-01-06,-30.0,-11.0,-52.0,-40.0,-32,14
2021-01-07,-31.0,-10.0,-51.0,-41.0,-33,15
2021-01-08,-28.0,-9.0,-44.0,-41.0,-31,15
2021-01-09,-38.0,-18.0,-58.0,-39.0,-20,11
2021-01-10,-32.0,-9.0,-55.0,-34.0,-12,9
2021-01-11,-32.0,-12.0,-50.0,-43.0,-34,15
2021-01-12,-36.0,-17.0,-54.0,-44.0,-36,15
2021-01-13,-36.0,-18.0,-53.0,-45.0,-36,14
2021-01-14,-38.0,-23.0,-53.0,-48.0,-40,12
2021-01-15,-36.0,-22.0,-48.0,-49.0,-40,13
2021-01-16,-39.0,-21.0,-53.0,-44.0,-28,8
2021-01-17,-41.0,-24.0,-57.0,-43.0,-23,8
2021-01-18,-39.0,-24.0,-55.0,-48.0,-41,14
2021-01-19,-39.0,-23.0,-56.0,-49.0,-41,14
2021-01-20,-38.0,-23.0,-55.0,-49.0,-40,14
2021-01-21,-39.0,-24.0,-54.0,-49.0,-40,14
2021-01-22,-35.0,-20.0,-47.0,-48.0,-37,15
2021-01-23,-37.0,-17.0,-52.0,-41.0,-23,9
2021-01-24,-48.0,-33.0,-71.0,-50.0,-26,13
2021-01-25,-34.0,-16.0,-52.0,-45.0,-37,14
2021-01-26,-36.0,-18.0,-55.0,-45.0,-38,14
2021-01-27,-35.0,-18.0,-54.0,-46.0,-37,14
2021-01-28,-34.0,-15.0,-50.0,-45.0,-37,13
2021-01-29,-33.0,-14.0,-46.0,-45.0,-36,14
2021-01-30,-36.0,-12.0,-56.0,-39.0,-23,8
2021-01-31,-33.0,-8.0,-60.0,-35.0,-16,7
2021-02-01,-33.0,-12.0,-54.0,-43.0,-36,12
2021-02-02,-32.0,-7.0,-52.0,-42.0,-37,12
2021-02-03,-34.0,-15.0,-57.0,-45.0,-37,13
2021-02-04,-35.0,-17.0,-55.0,-45.0,-37,12
2021-02-05,-28.0,-6.0,-46.0,-42.0,-35,12
2021-02-06,-31.0,-6.0,-52.0,-35.0,-23,7
2021-02-07,-39.0,-20.0,-66.0,-41.0,-21,8
2021-02-08,-33.0,-14.0,-55.0,-43.0,-37,12
2021-02-09,-31.0,-9.0,-55.0,-42.0,-37,11
2021-02-10,-29.0,-8.0,-52.0,-41.0,-36,11
2021-02-11,-27.0,-6.0,-47.0,-37.0,-37,9
2021-02-12,-34.0,-17.0,-41.0,-55.0,-67,20
2021-02-13,-35.0,-15.0,-48.0,-41.0,-30,8
2021-02-14,-37.0,-18.0,-57.0,-38.0,-19,7
2021-02-15,-32.0,-12.0,-51.0,-41.0,-35,11
2021-02-16,-39.0,-21.0,-58.0,-44.0,-39,13
2021-02-17,-32.0,-12.0,-51.0,-42.0,-34,11
2021-02-18,-39.0,-23.0,-57.0,-45.0,-36,13
2021-02-19,-30.0,-10.0,-46.0,-43.0,-34,13
2021-02-20,-38.0,-14.0,-55.0,-40.0,-25,9
2021-02-21,-35.0,-12.0,-57.0,-38.0,-17,7
2021-02-22,-31.0,-12.0,-50.0,-43.0,-34,11
2021-02-23,-34.0,-15.0,-54.0,-43.0,-35,11
2021-02-24,-34.0,-18.0,-53.0,-44.0,-34,12
2021-02-25,-29.0,-7.0,-49.0,-41.0,-33,10
2021-02-26,-24.0,-2.0,-41.0,-39.0,-32,11
2021-02-27,-24.0,4.0,-42.0,-30.0,-19,5
2021-02-28,-28.0,-3.0,-49.0,-31.0,-13,5
2021-03-01,-29.0,-5.0,-51.0,-40.0,-33,10
2021-03-02,-29.0,-5.0,-52.0,-40.0,-34,10
2021-03-03,-27.0,-5.0,-49.0,-39.0,-33,10
2021-03-04,-29.0,-10.0,-50.0,-40.0,-33,10
2021-03-05,-26.0,-6.0,-45.0,-39.0,-32,11
2021-03-06,-26.0,-2.0,-45.0,-29.0,-20,5
2021-03-07,-31.0,-9.0,-52.0,-31.0,-16,6
2021-03-08,-28.0,-7.0,-48.0,-39.0,-33,10
2021-03-09,-29.0,-9.0,-49.0,-38.0,-34,10
2021-03-10,-25.0,-5.0,-46.0,-34.0,-32,9
2021-03-11,-28.0,-11.0,-41.0,-51.0,-66,18
2021-03-12,-26.0,-6.0,-39.0,-40.0,-34,11
2021-03-13,-28.0,-4.0,-40.0,-32.0,-20,6
2021-03-14,-31.0,-9.0,-44.0,-30.0,-16,5
2021-03-15,-27.0,-6.0,-43.0,-37.0,-32,10
2021-03-16,-29.0,-9.0,-47.0,-38.0,-33,10
2021-03-17,-28.0,-8.0,-43.0,-38.0,-31,10
2021-03-18,-27.0,-8.0,-42.0,-38.0,-31,10
2021-03-19,-24.0,-5.0,-37.0,-36.0,-30,11
2021-03-20,-27.0,-4.0,-42.0,-30.0,-17,6
2021-03-21,-29.0,-7.0,-46.0,-31.0,-13,5
2021-03-22,-28.0,-7.0,-45.0,-38.0,-31,10
2021-03-23,-29.0,-8.0,-45.0,-38.0,-32,10
2021-03-24,-28.0,-9.0,-42.0,-38.0,-31,10
2021-03-25,-25.0,-4.0,-41.0,-37.0,-31,10
2021-03-26,-21.0,0.0,-34.0,-35.0,-29,10
2021-03-27,-27.0,-5.0,-43.0,-29.0,-18,5
2021-03-28,-26.0,-3.0,-44.0,-28.0,-12,5
2021-03-29,-25.0,-2.0,-42.0,-36.0,-31,9
2021-03-30,-26.0,-5.0,-45.0,-36.0,-32,9
2021-03-31,-25.0,-4.0,-43.0,-32.0,-31,9
2021-04-01,-19.0,9.0,-34.0,-27.0,-30,7
2021-04-02,-20.0,3.0,-24.0,-44.0,-63,15
2021-04-03,-27.0,-3.0,-41.0,-31.0,-24,5
2021-04-04,-25.0,-1.0,-42.0,-22.0,-13,2
2021-04-05,-22.0,3.0,-40.0,-32.0,-30,8
2021-04-06,-23.0,1.0,-42.0,-32.0,-31,8
2021-04-07,-23.0,-2.0,-43.0,-32.0,-31,9
2021-04-08,-21.0,1.0,-37.0,-31.0,-30,8
2021-04-09,-16.0,3.0,-32.0,-31.0,-28,8
2021-04-10,-19.0,6.0,-33.0,-20.0,-16,3
2021-04-11,-21.0,4.0,-41.0,-18.0,-11,2
2021-04-12,-21.0,3.0,-39.0,-29.0,-31,8
2021-04-13,-38.0,-11.0,-56.0,-44.0,-37,15
2021-04-14,-35.0,-15.0,-54.0,-41.0,-33,13
2021-04-15,-34.0,-14.0,-51.0,-40.0,-32,13
2021-04-16,-26.0,-3.0,-40.0,-38.0,-29,13
2021-04-17,-31.0,-7.0,-50.0,-35.0,-17,9
2021-04-18,-31.0,-8.0,-58.0,-35.0,-11,9
2021-04-19,-28.0,-7.0,-46.0,-37.0,-29,12
2021-04-20,-28.0,-5.0,-46.0,-37.0,-30,12
2021-04-21,-26.0,-6.0,-46.0,-37.0,-30,12
2021-04-22,-26.0,-7.0,-44.0,-38.0,-29,11
2021-04-23,-23.0,-4.0,-39.0,-36.0,-28,12
2021-04-24,-24.0,0.0,-44.0,-29.0,-14,7
2021-04-25,-25.0,-3.0,-56.0,-29.0,-8,8
2021-04-26,-23.0,-2.0,-41.0,-35.0,-28,11
2021-04-27,-25.0,-3.0,-46.0,-36.0,-29,11
2021-04-28,-25.0,-6.0,-48.0,-35.0,-30,11
2021-04-29,-20.0,3.0,-42.0,-33.0,-29,10
2021-04-30,-13.0,13.0,-33.0,-29.0,-26,10
2021-05-01,-15.0,14.0,-39.0,-22.0,-33,7
2021-05-02,-16.0,11.0,-53.0,-20.0,-8,5
2021-05-03,-15.0,13.0,-39.0,-29.0,-29,8
2021-05-04,-17.0,10.0,-41.0,-28.0,-31,9
2021-05-05,-19.0,5.0,-43.0,-30.0,-32,9
2021-05-06,-20.0,4.0,-43.0,-36.0,-32,10
2021-05-07,-13.0,12.0,-36.0,-36.0,-30,10
2021-05-08,-17.0,12.0,-46.0,-29.0,-20,6
2021-05-09,-16.0,11.0,-56.0,-28.0,-10,7
2021-05-10,-12.0,17.0,-37.0,-36.0,-38,10
2021-05-11,-14.0,20.0,-38.0,-35.0,-43,10
2021-05-12,-21.0,19.0,-35.0,-46.0,-67,17
2021-05-13,-34.0,-13.0,-28.0,-56.0,-75,12
2021-05-14,-28.0,-8.0,-25.0,-54.0,-76,16
2021-05-15,-27.0,-5.0,-40.0,-37.0,-49,6
2021-05-16,-26.0,-4.0,-53.0,-33.0,-20,4
2021-05-17,-21.0,3.0,-45.0,-40.0,-40,10
2021-05-18,-22.0,1.0,-44.0,-34.0,-39,10
2021-05-19,-21.0,2.0,-43.0,-33.0,-35,9
2021-05-20,-21.0,3.0,-40.0,-37.0,-32,9
2021-05-21,-20.0,0.0,-39.0,-35.0,-30,11
2021-05-22,-23.0,2.0,-45.0,-27.0,-19,6
2021-05-23,-24.0,0.0,-50.0,-26.0,-10,6
2021-05-24,-23.0,-2.0,-45.0,-33.0,-29,10
2021-05-25,-17.0,9.0,-41.0,-29.0,-30,8
2021-05-26,-16.0,4.0,-31.0,-42.0,-65,16
2021-05-27,-19.0,4.0,-39.0,-32.0,-29,9
2021-05-28,-14.0,10.0,-33.0,-31.0,-27,10
2021-05-29,-24.0,0.0,-48.0,-28.0,-17,6
2021-05-30,-19.0,6.0,-46.0,-24.0,-10,4
2021-05-31,-14.0,10.0,-35.0,-29.0,-30,9
2021-06-01,-15.0,7.0,-30.0,-41.0,-67,17
2021-06-02,-17.0,8.0,-40.0,-28.0,-29,9
2021-06-03,-15.0,10.0,-38.0,-30.0,-28,9
2021-06-04,-13.0,10.0,-34.0,-30.0,-26,10
2021-06-05,-15.0,13.0,-36.0,-21.0,-16,5
2021-06-06,-19.0,5.0,-45.0,-22.0,-11,5
2021-06-07,-15.0,10.0,-38.0,-30.0,-28,9
2021-06-08,-18.0,6.0,-41.0,-31.0,-29,10
2021-06-09,-16.0,6.0,-39.0,-30.0,-29,10
2021-06-10,-16.0,7.0,-37.0,-30.0,-28,10
2021-06-11,-14.0,7.0,-33.0,-30.0,-27,11
2021-06-12,-16.0,11.0,-36.0,-22.0,-15,5
2021-06-13,-19.0,5.0,-42.0,-23.0,-11,6
2021-06-14,-17.0,7.0,-36.0,-30.0,-29,10
2021-06-15,-22.0,1.0,-43.0,-32.0,-30,11
2021-06-16,-20.0,3.0,-42.0,-32.0,-31,11
2021-06-17,-21.0,1.0,-42.0,-35.0,-31,11
2021-06-18,-21.0,1.0,-40.0,-36.0,-30,13
2021-06-19,-27.0,2.0,-49.0,-32.0,-19,9
2021-06-20,-32.0,-7.0,-56.0,-35.0,-15,10
2021-06-21,-25.0,2.0,-46.0,-38.0,-34,13
2021-06-22,-26.0,3.0,-46.0,-40.0,-36,13
2021-06-23,-28.0,0.0,-47.0,-42.0,-36,14
2021-06-24,-28.0,0.0,-48.0,-43.0,-37,15
2021-06-25,-25.0,7.0,-45.0,-44.0,-37,16
2021-06-26,-32.0,5.0,-55.0,-39.0,-23,11
2021-06-27,-38.0,-5.0,-64.0,-42.0,-19,12
2021-06-28,-27.0,8.0,-49.0,-44.0,-40,16
2021-06-29,-32.0,2.0,-54.0,-47.0,-43,16
2021-06-30,-31.0,4.0,-54.0,-48.0,-43,15
2021-07-01,-30.0,8.0,-51.0,-47.0,-43,17
2021-07-02,-26.0,12.0,-47.0,-47.0,-41,18
2021-07-03,-45.0,0.0,-63.0,-50.0,-34,16
2021-07-04,-49.0,-7.0,-70.0,-52.0,-29,16
2021-07-05,-40.0,0.0,-56.0,-54.0,-50,20
2021-07-06,-43.0,-4.0,-58.0,-55.0,-51,21
2021-07-07,-43.0,-5.0,-58.0,-56.0,-51,21
2021-07-08,-43.0,-6.0,-56.0,-57.0,-51,21
2021-07-09,-43.0,-5.0,-54.0,-58.0,-50,23
2021-07-10,-49.0,-7.0,-65.0,-54.0,-36,17
2021-07-11,-51.0,-14.0,-72.0,-55.0,-29,17
2021-07-12,-43.0,-8.0,-56.0,-60.0,-51,21
2021-07-13,-46.0,-12.0,-59.0,-60.0,-53,22
2021-07-14,-45.0,-12.0,-59.0,-60.0,-51,22
2021-07-15,-44.0,-10.0,-57.0,-60.0,-51,21
2021-07-16,-43.0,-9.0,-55.0,-60.0,-49,23
2021-07-17,-48.0,-8.0,-64.0,-55.0,-34,16
2021-07-18,-50.0,-14.0,-71.0,-57.0,-26,16
2021-07-19,-40.0,-2.0,-53.0,-57.0,-52,20
2021-07-20,-55.0,-24.0,-65.0,-72.0,-79,28
2021-07-21,-44.0,-9.0,-59.0,-58.0,-49,19
2021-07-22,-43.0,-10.0,-56.0,-59.0,-48,19
2021-07-23,-43.0,-10.0,-56.0,-59.0,-47,22
2021-07-24,-47.0,-9.0,-63.0,-54.0,-32,15
2021-07-25,-46.0,-9.0,-69.0,-54.0,-23,14
2021-07-26,-38.0,-5.0,-54.0,-55.0,-44,18
2021-07-27,-40.0,-7.0,-56.0,-56.0,-46,19
2021-07-28,-38.0,-6.0,-55.0,-55.0,-44,18
2021-07-29,-37.0,-5.0,-53.0,-55.0,-43,18
2021-07-30,-35.0,0.0,-49.0,-54.0,-42,19
2021-07-31,-39.0,1.0,-59.0,-49.0,-26,12
2021-08-01,-42.0,-5.0,-67.0,-51.0,-22,12
2021-08-02,-32.0,2.0,-51.0,-51.0,-41,16
2021-08-03,-34.0,-1.0,-53.0,-51.0,-42,16
2021-08-04,-34.0,-2.0,-52.0,-51.0,-41,16
2021-08-05,-37.0,-6.0,-55.0,-51.0,-41,17
2021-08-06,-31.0,2.0,-45.0,-51.0,-39,17
2021-08-07,-36.0,2.0,-56.0,-46.0,-25,11
2021-08-08,-39.0,-5.0,-63.0,-49.0,-19,10
2021-08-09,-32.0,-2.0,-50.0,-50.0,-40,15
2021-08-10,-35.0,-6.0,-55.0,-51.0,-42,16
2021-08-11,-34.0,-5.0,-51.0,-60.0,-67,22
2021-08-12,-30.0,-3.0,-50.0,-48.0,-37,14
2021-08-13,-29.0,-1.0,-45.0,-48.0,-36,16
2021-08-14,-33.0,0.0,-54.0,-43.0,-20,10
2021-08-15,-36.0,-6.0,-60.0,-46.0,-16,10
2021-08-16,-27.0,0.0,-47.0,-47.0,-39,14
2021-08-17,-37.0,-13.0,-48.0,-61.0,-73,22
2021-08-18,-32.0,-6.0,-51.0,-47.0,-36,14
2021-08-19,-31.0,-6.0,-49.0,-49.0,-36,14
2021-08-20,-28.0,-2.0,-44.0,-48.0,-34,15
2021-08-21,-31.0,-1.0,-52.0,-43.0,-19,10
2021-08-22,-34.0,-7.0,-57.0,-45.0,-14,9
2021-08-23,-28.0,-4.0,-47.0,-47.0,-35,14
2021-08-24,-30.0,-6.0,-50.0,-47.0,-37,14
2021-08-25,-26.0,0.0,-48.0,-45.0,-35,13
2021-08-26,-25.0,0.0,-45.0,-45.0,-35,13
2021-08-27,-22.0,3.0,-41.0,-45.0,-33,14
2021-08-28,-25.0,6.0,-46.0,-39.0,-18,7
2021-08-29,-29.0,-2.0,-54.0,-42.0,-14,7
2021-08-30,-23.0,2.0,-45.0,-43.0,-34,12
2021-08-31,-24.0,5.0,-47.0,-43.0,-35,12
2021-09-01,-21.0,8.0,-45.0,-41.0,-34,12
2021-09-02,-20.0,7.0,-43.0,-42.0,-34,12
2021-09-03,-18.0,8.0,-37.0,-41.0,-32,13
2021-09-04,-21.0,9.0,-39.0,-35.0,-19,6
2021-09-05,-24.0,3.0,-46.0,-38.0,-14,6
2021-09-06,-21.0,4.0,-42.0,-41.0,-34,12
2021-09-07,-24.0,-1.0,-46.0,-40.0,-35,13
2021-09-08,-24.0,-3.0,-46.0,-40.0,-34,12
2021-09-09,-20.0,4.0,-41.0,-39.0,-33,11
2021-09-10,-17.0,6.0,-36.0,-39.0,-31,12
2021-09-11,-21.0,6.0,-40.0,-33.0,-18,6
2021-09-12,-25.0,0.0,-46.0,-36.0,-13,6
2021-09-13,-21.0,1.0,-45.0,-39.0,-34,12
2021-09-14,-28.0,-8.0,-55.0,-44.0,-38,15
2021-09-15,-20.0,3.0,-43.0,-38.0,-34,11
2021-09-16,-20.0,3.0,-41.0,-39.0,-34,11
2021-09-17,-16.0,5.0,-35.0,-38.0,-32,12
2021-09-18,-20.0,6.0,-37.0,-32.0,-18,6
2021-09-19,-28.0,-5.0,-50.0,-36.0,-15,7
2021-09-20,-20.0,4.0,-42.0,-38.0,-33,11
2021-09-21,-22.0,-1.0,-44.0,-38.0,-34,12
2021-09-22,-20.0,-1.0,-42.0,-39.0,-31,11
2021-09-23,-19.0,1.0,-39.0,-38.0,-31,11
2021-09-24,-15.0,6.0,-33.0,-37.0,-29,11
2021-09-25,-16.0,9.0,-36.0,-29.0,-16,5
2021-09-26,-20.0,1.0,-43.0,-32.0,-12,6
2021-09-27,-18.0,4.0,-41.0,-37.0,-31,11
2021-09-28,-18.0,5.0,-42.0,-37.0,-32,11
2021-09-29,-17.0,5.0,-40.0,-36.0,-31,10
2021-09-30,-15.0,10.0,-38.0,-34.0,-29,10
2021-10-01,-9.0,16.0,-29.0,-33.0,-28,10
2021-10-02,-11.0,17.0,-32.0,-24.0,-17,4
2021-10-03,-13.0,11.0,-39.0,-25.0,-13,4
2021-10-04,-17.0,5.0,-39.0,-34.0,-30,10
2021-10-05,-15.0,9.0,-39.0,-33.0,-31,10
2021-10-06,-15.0,6.0,-35.0,-32.0,-30,10
2021-10-07,-13.0,7.0,-32.0,-32.0,-29,9
2021-10-08,-10.0,9.0,-25.0,-31.0,-28,10
2021-10-09,-12.0,12.0,-30.0,-24.0,-16,4
2021-10-10,-14.0,8.0,-35.0,-24.0,-11,4
2021-10-11,-16.0,4.0,-35.0,-33.0,-28,10
2021-10-12,-16.0,4.0,-35.0,-33.0,-30,10
2021-10-13,-15.0,4.0,-33.0,-32.0,-28,9
2021-10-14,-15.0,5.0,-32.0,-33.0,-28,10
2021-10-15,-12.0,8.0,-25.0,-31.0,-26,10
2021-10-16,-15.0,8.0,-32.0,-23.0,-16,5
2021-10-17,-18.0,3.0,-38.0,-26.0,-12,5
2021-10-18,-27.0,-10.0,-46.0,-36.0,-31,12
2021-10-19,-16.0,5.0,-35.0,-30.0,-32,9
2021-10-20,-14.0,2.0,-19.0,-44.0,-65,17
2021-10-21,-18.0,3.0,-31.0,-31.0,-28,9
2021-10-22,-13.0,6.0,-24.0,-31.0,-26,10
2021-10-23,-15.0,7.0,-24.0,-25.0,-14,5
2021-10-24,-16.0,3.0,-27.0,-25.0,-10,5
2021-10-25,-16.0,6.0,-32.0,-30.0,-27,9
2021-10-26,-16.0,5.0,-32.0,-30.0,-28,10
2021-10-27,-19.0,-3.0,-33.0,-31.0,-27,10
2021-10-28,-14.0,8.0,-27.0,-31.0,-27,9
2021-10-29,-6.0,15.0,-15.0,-27.0,-24,8
2021-10-30,-11.0,12.0,-22.0,-21.0,-14,4
2021-10-31,-10.0,13.0,-22.0,-19.0,-9,3
2021-11-01,-16.0,5.0,-33.0,-30.0,-27,9
2021-11-02,-12.0,12.0,-29.0,-28.0,-28,9
2021-11-03,-12.0,9.0,-26.0,-27.0,-26,8
2021-11-04,-12.0,8.0,-25.0,-28.0,-26,9
2021-11-05,-6.0,12.0,-15.0,-27.0,-24,9
2021-11-06,-7.0,14.0,-16.0,-18.0,-16,3
2021-11-07,-19.0,-3.0,-35.0,-24.0,-15,6
2021-11-08,-10.0,11.0,-22.0,-27.0,-26,8
2021-11-09,-13.0,6.0,-26.0,-27.0,-27,9
2021-11-10,-12.0,3.0,-25.0,-27.0,-25,8
2021-11-11,-9.0,9.0,-20.0,-27.0,-25,8
2021-11-12,-13.0,-1.0,-22.0,-28.0,-23,9
2021-11-13,-15.0,3.0,-30.0,-23.0,-15,5
2021-11-14,-8.0,10.0,-20.0,-19.0,-10,4
2021-11-15,-12.0,6.0,-24.0,-28.0,-25,8
2021-11-16,-12.0,5.0,-23.0,-27.0,-26,9
2021-11-17,-11.0,5.0,-21.0,-27.0,-25,8
2021-11-18,-10.0,6.0,-18.0,-28.0,-24,8
2021-11-19,-7.0,8.0,-13.0,-26.0,-22,9
2021-11-20,-13.0,5.0,-24.0,-22.0,-14,5
2021-11-21,-10.0,6.0,-21.0,-20.0,-10,4
2021-11-22,-12.0,6.0,-21.0,-26.0,-24,8
2021-11-23,-14.0,2.0,-25.0,-28.0,-26,9
2021-11-24,-12.0,5.0,-21.0,-27.0,-24,8
2021-11-25,-11.0,7.0,-18.0,-26.0,-24,8
2021-11-26,-10.0,5.0,-22.0,-26.0,-23,9
2021-11-27,-10.0,11.0,-23.0,-18.0,-14,4
2021-11-28,-10.0,8.0,-28.0,-19.0,-10,4
2021-11-29,-8.0,14.0,-17.0,-25.0,-24,8
2021-11-30,-9.0,14.0,-21.0,-25.0,-25,8
2021-12-01,-6.0,18.0,-15.0,-23.0,-24,7
2021-12-02,-6.0,17.0,-13.0,-24.0,-24,8
2021-12-03,-1.0,18.0,-6.0,-22.0,-22,8
2021-12-04,-8.0,13.0,-20.0,-16.0,-16,4
2021-12-05,-10.0,8.0,-30.0,-16.0,-12,4
2021-12-06,-14.0,2.0,-26.0,-26.0,-24,9
2021-12-07,-13.0,8.0,-28.0,-28.0,-26,10
2021-12-08,-6.0,11.0,-16.0,-23.0,-21,7
2021-12-09,-7.0,9.0,-19.0,-25.0,-21,8
2021-12-10,-1.0,15.0,-8.0,-23.0,-18,8
2021-12-11,-8.0,11.0,-21.0,-16.0,-9,3
2021-12-12,-4.0,12.0,-21.0,-14.0,-1,2
2021-12-13,-7.0,11.0,-17.0,-25.0,-20,7
2021-12-14,-10.0,7.0,-20.0,-25.0,-22,8
2021-12-15,-6.0,9.0,-19.0,-23.0,-20,7
2021-12-16,-7.0,7.0,-20.0,-24.0,-20,7
2021-12-17,-2.0,13.0,-12.0,-23.0,-19,8
2021-12-18,-8.0,9.0,-24.0,-18.0,-8,3
2021-12-19,-3.0,11.0,-20.0,-14.0,-3,3
2021-12-20,-9.0,5.0,-23.0,-25.0,-22,8
2021-12-21,-9.0,7.0,-24.0,-24.0,-23,8
2021-12-22,-4.0,11.0,-16.0,-22.0,-22,7
2021-12-23,-8.0,5.0,-20.0,-23.0,-22,8
2021-12-24,1.0,20.0,-6.0,-24.0,-25,8
2021-12-25,-10.0,8.0,-16.0,-24.0,-37,6
2021-12-26,-6.0,9.0,-21.0,-18.0,-4,3
2021-12-27,-5.0,12.0,-14.0,-26.0,-25,8
2021-12-28,-7.0,10.0,-16.0,-25.0,-25,8
2021-12-29,-6.0,11.0,-15.0,-25.0,-25,8
2021-12-30,-2.0,18.0,-9.0,-22.0,-25,7
2021-12-31,2.0,34.0,4.0,-20.0,-33,6
2022-01-01,-18.0,1.0,-16.0,-29.0,-50,5
2022-01-02,-7.0,15.0,-23.0,-16.0,-9,2
2022-01-03,-7.0,18.0,-17.0,-23.0,-22,6
2022-01-04,-8.0,16.0,-17.0,-22.0,-20,6
2022-01-05,-9.0,11.0,-17.0,-21.0,-18,6
2022-01-06,-10.0,10.0,-18.0,-23.0,-16,6
2022-01-07,-7.0,11.0,-12.0,-24.0,-14,7
2022-01-08,-6.0,17.0,-11.0,-17.0,-8,3
2022-01-09,-6.0,15.0,-17.0,-15.0,-3,4
2022-01-10,-10.0,11.0,-18.0,-22.0,-16,6
2022-01-11,-16.0,2.0,-30.0,-24.0,-17,7
2022-01-12,-13.0,5.0,-24.0,-24.0,-15,7
2022-01-13,-6.0,16.0,-13.0,-21.0,-14,6
2022-01-14,-6.0,12.0,-10.0,-23.0,-13,7
2022-01-15,-8.0,14.0,-14.0,-19.0,-7,4
2022-01-16,-10.0,8.0,-25.0,-19.0,-4,5
2022-01-17,-9.0,12.0,-16.0,-22.0,-14,7
2022-01-18,-18.0,2.0,-28.0,-22.0,-16,9
2022-01-19,-7.0,12.0,-15.0,-24.0,-14,7
2022-01-20,-7.0,12.0,-14.0,-25.0,-12,7
2022-01-21,-3.0,14.0,0.0,-24.0,-10,7
2022-01-22,-7.0,12.0,-11.0,-20.0,-7,5
2022-01-23,-7.0,10.0,-13.0,-21.0,-1,5
2022-01-24,-8.0,12.0,-10.0,-26.0,-13,7
2022-01-25,-8.0,15.0,-13.0,-25.0,-15,8
2022-01-26,-8.0,11.0,-15.0,-26.0,-16,8
2022-01-27,-6.0,15.0,-8.0,-27.0,-15,8
2022-01-28,-4.0,17.0,-4.0,-27.0,-15,9
2022-01-29,-7.0,21.0,-7.0,-20.0,-7,4
2022-01-30,-10.0,13.0,-18.0,-23.0,-3,5
2022-01-31,-5.0,21.0,-8.0,-29.0,-26,9
2022-02-01,-11.0,10.0,4.0,-44.0,-68,18
2022-02-02,-12.0,15.0,-16.0,-31.0,-24,10
2022-02-03,-13.0,14.0,-14.0,-34.0,-24,11
2022-02-04,-18.0,4.0,-22.0,-36.0,-25,14
2022-02-05,-18.0,13.0,-24.0,-27.0,-13,8
2022-02-06,-18.0,9.0,-28.0,-28.0,-7,8
2022-02-07,-15.0,12.0,-21.0,-36.0,-28,12
2022-02-08,-24.0,0.0,-33.0,-41.0,-32,15
2022-02-09,-19.0,5.0,-25.0,-40.0,-29,14
2022-02-10,-17.0,10.0,-18.0,-39.0,-29,13
2022-02-11,-16.0,8.0,-13.0,-40.0,-28,14
2022-02-12,-19.0,9.0,-20.0,-34.0,-13,8
2022-02-13,-24.0,-1.0,-32.0,-36.0,-8,9
2022-02-14,-17.0,7.0,-22.0,-39.0,-28,13
2022-02-15,-22.0,1.0,-28.0,-41.0,-28,14
2022-02-16,-21.0,-1.0,-24.0,-41.0,-27,14
2022-02-17,-18.0,6.0,-18.0,-40.0,-26,13
2022-02-18,-18.0,4.0,-17.0,-41.0,-24,14
2022-02-19,-19.0,7.0,-19.0,-34.0,-9,8
2022-02-20,-21.0,2.0,-25.0,-35.0,-5,8
2022-02-21,-17.0,5.0,-18.0,-39.0,-23,11
2022-02-22,-18.0,3.0,-22.0,-39.0,-24,12
2022-02-23,-19.0,2.0,-21.0,-38.0,-23,12
2022-02-24,-18.0,3.0,-18.0,-38.0,-22,11
2022-02-25,-14.0,12.0,-14.0,-36.0,-20,12
2022-02-26,-16.0,15.0,-16.0,-25.0,-7,5
2022-02-27,-17.0,6.0,-18.0,-27.0,-4,4
2022-02-28,-14.0,6.0,2.0,-47.0,-64,16
2022-03-01,-22.0,5.0,-30.0,-35.0,-23,11
2022-03-02,-13.0,13.0,-15.0,-31.0,-21,8
2022-03-03,-12.0,8.0,8.0,-45.0,-61,17
2022-03-04,-14.0,7.0,-10.0,-36.0,-18,11
2022-03-05,-18.0,5.0,-22.0,-30.0,-8,6
2022-03-06,-17.0,4.0,-24.0,-27.0,-3,6
2022-03-07,-17.0,5.0,-19.0,-35.0,-18,10
2022-03-08,-22.0,-3.0,-28.0,-36.0,-19,11
2022-03-09,-19.0,1.0,-22.0,-36.0,-18,11
2022-03-10,-20.0,-1.0,-20.0,-36.0,-16,11
2022-03-11,-18.0,-2.0,-16.0,-35.0,-15,12
2022-03-12,-20.0,0.0,-23.0,-26.0,-6,7
2022-03-13,-19.0,-1.0,-27.0,-23.0,-1,7
2022-03-14,-22.0,-6.0,-27.0,-36.0,-16,12
2022-03-15,-22.0,-4.0,-28.0,-35.0,-17,11
2022-03-16,-19.0,-1.0,-19.0,-33.0,-15,10
2022-03-17,-21.0,-6.0,-23.0,-35.0,-15,11
2022-03-18,-16.0,-1.0,-11.0,-33.0,-13,11
2022-03-19,-15.0,3.0,-11.0,-22.0,-5,6
2022-03-20,-18.0,-2.0,-22.0,-21.0,-1,6
2022-03-21,-19.0,-3.0,-21.0,-33.0,-15,10
2022-03-22,-21.0,-5.0,-23.0,-32.0,-16,11
2022-03-23,-20.0,-6.0,-21.0,-32.0,-16,10
2022-03-24,-17.0,-2.0,-16.0,-31.0,-14,9
2022-03-25,-11.0,6.0,-5.0,-29.0,-13,9
2022-03-26,-17.0,1.0,-20.0,-20.0,-6,5
2022-03-27,-14.0,2.0,-24.0,-13.0,-1,4
2022-03-28,-15.0,3.0,-18.0,-29.0,-15,9
2022-03-29,-15.0,2.0,-16.0,-28.0,-16,9
2022-03-30,-13.0,3.0,-16.0,-27.0,-15,8
2022-03-31,-11.0,7.0,-16.0,-25.0,-14,7
2022-04-01,-8.0,14.0,-8.0,-25.0,-14,8
2022-04-02,-16.0,16.0,-27.0,-23.0,-8,7
2022-04-03,-39.0,-17.0,-59.0,-41.0,-11,13
2022-04-04,-26.0,-4.0,-28.0,-34.0,-20,12
2022-04-05,-32.0,-16.0,-40.0,-37.0,-21,13
2022-04-06,-25.0,-7.0,-33.0,-36.0,-19,13
2022-04-07,-22.0,-5.0,-27.0,-34.0,-13,11
2022-04-08,-19.0,-4.0,-18.0,-33.0,-11,12
2022-04-09,-18.0,1.0,-29.0,-29.0,-3,9
2022-04-10,-19.0,-2.0,-42.0,-27.0,3,9
2022-04-11,-24.0,-9.0,-22.0,-33.0,-14,11
2022-04-12,-22.0,-7.0,-30.0,-32.0,-14,11
2022-04-13,-18.0,-4.0,-24.0,-31.0,-13,11
2022-04-14,-14.0,0.0,-19.0,-27.0,-13,8
2022-04-15,-11.0,-1.0,-6.0,-44.0,-59,20
2022-04-16,-19.0,-1.0,-28.0,-28.0,-6,9
2022-04-17,-17.0,-2.0,-39.0,-22.0,4,8
2022-04-18,-16.0,0.0,-22.0,-29.0,-13,10
2022-04-19,-19.0,-4.0,-28.0,-30.0,-14,10
2022-04-20,-13.0,4.0,-24.0,-28.0,-12,9
2022-04-21,-14.0,1.0,-19.0,-27.0,-12,10
2022-04-22,-15.0,-3.0,-25.0,-30.0,-10,11
2022-04-23,-6.0,17.0,-24.0,-14.0,-2,6
2022-04-24,-4.0,15.0,-38.0,-9.0,6,6
2022-04-25,-10.0,6.0,-26.0,-23.0,-14,9
2022-04-26,-5.0,18.0,-21.0,-20.0,-17,8
2022-04-27,-8.0,11.0,-25.0,-22.0,-19,8
2022-04-28,-3.0,23.0,-17.0,-20.0,-24,6
2022-04-29,-4.0,20.0,-9.0,-31.0,-51,12
2022-04-30,-20.0,7.0,-34.0,-24.0,-35,7
2022-05-01,-24.0,5.0,-37.0,-25.0,-22,6
2022-05-02,-34.0,-28.0,-12.0,-53.0,-82,13
2022-05-03,-26.0,-17.0,5.0,-45.0,-81,9
2022-05-04,-26.0,-20.0,4.0,-44.0,-75,10
2022-05-05,-22.0,-16.0,10.0,-44.0,-71,10
2022-05-06,-22.0,-15.0,8.0,-46.0,-67,13
2022-05-07,-25.0,-14.0,-11.0,-29.0,-42,4
2022-05-08,-18.0,-6.0,-23.0,-17.0,-15,2
2022-05-09,-17.0,-4.0,-22.0,-31.0,-29,8
2022-05-10,-15.0,2.0,-14.0,-29.0,-28,8
2022-05-11,-14.0,0.0,-15.0,-29.0,-25,8
2022-05-12,-14.0,2.0,-2.0,-29.0,-17,7
2022-05-13,-11.0,3.0,3.0,-28.0,-14,8
2022-05-14,-14.0,3.0,0.0,-21.0,-10,4
2022-05-15,-17.0,-7.0,-19.0,-19.0,-6,4
2022-05-16,-11.0,-2.0,13.0,-41.0,-65,15
2022-05-17,-17.0,1.0,-20.0,-27.0,-15,7
2022-05-18,-17.0,-2.0,-18.0,-28.0,-15,8
2022-05-19,-16.0,-1.0,-14.0,-28.0,-14,8
2022-05-20,-12.0,2.0,0.0,-27.0,-12,9
2022-05-21,-12.0,5.0,3.0,-21.0,-7,5
2022-05-22,-13.0,2.0,-7.0,-19.0,-2,6
2022-05-23,-15.0,2.0,-11.0,-28.0,-13,8
2022-05-24,-16.0,0.0,-12.0,-28.0,-14,8
2022-05-25,-10.0,4.0,-10.0,-24.0,-14,6
2022-05-26,-5.0,4.0,28.0,-40.0,-62,16
2022-05-27,-10.0,5.0,7.0,-29.0,-12,8
2022-05-28,-14.0,3.0,-1.0,-26.0,-9,6
2022-05-29,-13.0,2.0,-6.0,-19.0,-1,5
2022-05-30,-14.0,4.0,-9.0,-28.0,-12,8
2022-05-31,-11.0,7.0,-6.0,-25.0,-13,6
2022-06-01,-5.0,9.0,31.0,-40.0,-62,17
2022-06-02,-18.0,-1.0,-19.0,-27.0,-11,8
2022-06-03,-7.0,11.0,7.0,-27.0,-9,8
2022-06-04,-10.0,9.0,9.0,-22.0,-6,5
2022-06-05,-13.0,5.0,-3.0,-19.0,-2,5
2022-06-06,-14.0,4.0,-11.0,-27.0,-11,8
2022-06-07,-14.0,5.0,-9.0,-26.0,-12,8
2022-06-08,-13.0,2.0,-11.0,-26.0,-12,8
2022-06-09,-15.0,0.0,-11.0,-27.0,-11,8
2022-06-10,-7.0,7.0,7.0,-25.0,-8,8
2022-06-11,-10.0,7.0,7.0,-21.0,-5,5
2022-06-12,-11.0,2.0,-4.0,-18.0,-1,6
2022-06-13,-13.0,3.0,-8.0,-26.0,-11,8
2022-06-14,-14.0,2.0,-6.0,-26.0,-13,8
2022-06-15,-14.0,0.0,-9.0,-26.0,-13,9
2022-06-16,-11.0,3.0,-1.0,-26.0,-13,8
2022-06-17,-9.0,4.0,5.0,-27.0,-11,9
2022-06-18,-10.0,7.0,8.0,-21.0,-5,5
2022-06-19,-10.0,4.0,3.0,-18.0,0,5
2022-06-20,-13.0,4.0,-4.0,-27.0,-13,8
2022-06-21,-14.0,1.0,-4.0,-27.0,-15,9
2022-06-22,-12.0,0.0,3.0,-24.0,-15,9
2022-06-23,-12.0,2.0,1.0,-27.0,-14,8
2022-06-24,-7.0,8.0,14.0,-26.0,-14,9
2022-06-25,-9.0,8.0,17.0,-19.0,-5,4
2022-06-26,-9.0,4.0,10.0,-14.0,0,5
2022-06-27,-12.0,2.0,-5.0,-25.0,-18,9
2022-06-28,-13.0,3.0,-1.0,-25.0,-19,9
2022-06-29,-10.0,5.0,0.0,-24.0,-18,8
2022-06-30,-8.0,10.0,4.0,-24.0,-17,8
2022-07-01,-5.0,14.0,13.0,-24.0,-16,9
2022-07-02,-6.0,15.0,20.0,-13.0,-8,3
2022-07-03,-6.0,9.0,2.0,-9.0,-2,3
2022-07-04,-8.0,9.0,0.0,-23.0,-18,8
2022-07-05,-11.0,8.0,-1.0,-22.0,-19,8
2022-07-06,-10.0,3.0,-5.0,-23.0,-19,8
2022-07-07,-7.0,8.0,1.0,-22.0,-17,7
2022-07-08,-6.0,10.0,8.0,-22.0,-16,8
2022-07-09,-13.0,9.0,5.0,-23.0,-27,8
2022-07-10,-20.0,-4.0,-21.0,-26.0,-15,6
2022-07-11,-12.0,6.0,-8.0,-25.0,-16,7
2022-07-12,-14.0,4.0,-8.0,-23.0,-15,7
2022-07-13,-16.0,0.0,-12.0,-25.0,-13,8
2022-07-14,-11.0,5.0,-1.0,-24.0,-12,7
2022-07-15,-12.0,-1.0,-2.0,-25.0,-10,8
2022-07-16,-15.0,2.0,-13.0,-25.0,-10,7
2022-07-17,-9.0,8.0,-7.0,-16.0,0,5
2022-07-18,-15.0,4.0,-9.0,-26.0,-11,7
2022-07-19,-15.0,4.0,-13.0,-25.0,-10,11
2022-07-20,-15.0,3.0,-12.0,-25.0,-10,8
2022-07-21,-15.0,2.0,-8.0,-26.0,-9,7
2022-07-22,-11.0,4.0,3.0,-26.0,-7,8
2022-07-23,-13.0,6.0,1.0,-20.0,-3,5
2022-07-24,-15.0,0.0,-7.0,-20.0,-1,7
2022-07-25,-15.0,6.0,-12.0,-27.0,-9,9
2022-07-26,-14.0,5.0,-10.0,-25.0,-9,8
2022-07-27,-12.0,4.0,-8.0,-26.0,-8,8
2022-07-28,-9.0,8.0,-3.0,-25.0,-7,7
2022-07-29,-4.0,14.0,12.0,-22.0,-6,6
2022-07-30,-9.0,11.0,27.0,-19.0,-28,7
2022-07-31,-8.0,11.0,9.0,-14.0,1,5
2022-08-01,-10.0,14.0,-5.0,-24.0,-7,7
2022-08-02,-11.0,11.0,-7.0,-24.0,-8,7
2022-08-03,-11.0,8.0,-4.0,-24.0,-8,7
2022-08-04,-11.0,3.0,-9.0,-25.0,-7,7
2022-08-05,-4.0,12.0,10.0,-23.0,-6,7
2022-08-06,-8.0,10.0,6.0,-18.0,-5,5
2022-08-07,-10.0,7.0,-3.0,-17.0,-2,5
2022-08-08,-11.0,8.0,-5.0,-24.0,-7,7
2022-08-09,-12.0,6.0,-7.0,-24.0,-8,7
2022-08-10,-11.0,6.0,-2.0,-24.0,-7,7
2022-08-11,-11.0,5.0,-3.0,-25.0,-6,7
2022-08-12,-9.0,4.0,7.0,-25.0,-4,7
2022-08-13,-9.0,10.0,11.0,-18.0,-2,5
2022-08-14,-11.0,6.0,0.0,-18.0,0,6
2022-08-15,-11.0,7.0,-1.0,-23.0,-6,9
2022-08-16,-11.0,4.0,-1.0,-21.0,-8,8
2022-08-17,-14.0,-4.0,28.0,-43.0,-60,22
2022-08-18,-13.0,5.0,2.0,-24.0,-6,9
2022-08-19,-9.0,6.0,13.0,-25.0,-4,10
2022-08-20,-13.0,7.0,9.0,-23.0,-3,8
2022-08-21,-16.0,1.0,-3.0,-21.0,-1,9
2022-08-22,-14.0,4.0,-5.0,-24.0,-6,10
2022-08-23,-14.0,3.0,-7.0,-24.0,-7,10
2022-08-24,-13.0,2.0,-6.0,-25.0,-6,10
2022-08-25,-10.0,9.0,-1.0,-24.0,-5,9
2022-08-26,-6.0,10.0,14.0,-23.0,-3,10
2022-08-27,-9.0,10.0,15.0,-17.0,-3,7
2022-08-28,-10.0,5.0,3.0,-16.0,-1,7
2022-08-29,-12.0,7.0,-5.0,-24.0,-6,9
2022-08-30,-12.0,6.0,-6.0,-24.0,-6,8
2022-08-31,-10.0,9.0,-3.0,-23.0,-5,8
2022-09-01,-9.0,11.0,-2.0,-23.0,-5,6
2022-09-02,-5.0,11.0,12.0,-22.0,-3,6
2022-09-03,-6.0,12.0,15.0,-15.0,-4,4
2022-09-04,-8.0,9.0,6.0,-13.0,-2,4
2022-09-05,-12.0,8.0,-3.0,-23.0,-5,6
2022-09-06,-13.0,5.0,-7.0,-23.0,-6,7
2022-09-07,-15.0,-1.0,-12.0,-22.0,-6,7
2022-09-08,-14.0,0.0,-14.0,-25.0,-6,7
2022-09-09,-12.0,-4.0,-4.0,-24.0,-3,8
2022-09-10,-11.0,5.0,-4.0,-20.0,-4,5
2022-09-11,-9.0,5.0,-2.0,-15.0,0,5
2022-09-12,-12.0,2.0,-5.0,-22.0,-4,7
2022-09-13,-13.0,2.0,-7.0,-22.0,-6,7
2022-09-14,-10.0,2.0,-6.0,-22.0,-4,6
2022-09-15,-10.0,3.0,-1.0,-23.0,-4,6
2022-09-16,-7.0,2.0,8.0,-23.0,-4,6
2022-09-17,-9.0,4.0,8.0,-19.0,-4,5
2022-09-18,-12.0,0.0,1.0,-18.0,-2,6
2022-09-19,-14.0,0.0,-8.0,-24.0,-6,7
2022-09-20,-15.0,-1.0,-10.0,-24.0,-8,7
2022-09-21,-13.0,-2.0,-7.0,-23.0,-7,7
2022-09-22,-14.0,-4.0,-8.0,-24.0,-7,7
2022-09-23,-7.0,2.0,7.0,-23.0,-5,7
2022-09-24,-7.0,7.0,10.0,-17.0,-4,4
2022-09-25,-8.0,4.0,2.0,-16.0,-2,5
2022-09-26,-14.0,0.0,-9.0,-23.0,-6,7
2022-09-27,-13.0,1.0,-7.0,-23.0,-8,7
2022-09-28,-11.0,2.0,-5.0,-23.0,-7,6
2022-09-29,-10.0,4.0,0.0,-23.0,-6,6
2022-09-30,-4.0,10.0,12.0,-21.0,-3,6
2022-10-01,-5.0,14.0,13.0,-14.0,-4,3
2022-10-02,-9.0,6.0,-9.0,-16.0,-5,5
2022-10-03,-15.0,-1.0,-12.0,-23.0,-6,7
2022-10-04,-21.0,-10.0,-23.0,-24.0,-8,7
2022-10-05,-10.0,8.0,-5.0,-21.0,-7,6
2022-10-06,-15.0,-4.0,-10.0,-22.0,-6,6
2022-10-07,-10.0,3.0,-6.0,-22.0,-6,6
2022-10-08,-11.0,2.0,9.0,-22.0,-31,6
2022-10-09,-12.0,0.0,-7.0,-18.0,-4,4
2022-10-10,-12.0,3.0,-4.0,-22.0,-7,5
2022-10-11,-16.0,-3.0,-13.0,-23.0,-8,7
2022-10-12,-13.0,-2.0,-3.0,-23.0,-7,6
2022-10-13,-16.0,-6.0,-12.0,-24.0,-6,6
2022-10-14,-6.0,5.0,9.0,-22.0,-4,6
2022-10-15,-12.0,1.0,0.0,-20.0,-4,5
